dex,name,points
1,"Bulbasaur",4
2,"Ivysaur",3
3,"Venusaur",5
4,"Charmander",4
5,"Charmeleon",3
6,"Charizard",5
7,"Squirtle",4
8,"Wartortle",3
9,"Blastoise",5
10,"Caterpie",1
11,"Metapod",1
12,"Butterfree",3
13,"Weedle",1
14,"Kakuna",1
15,"Beedrill",3
16,"Pidgey",2
17,"Pidgeotto",3
18,"Pidgeot",4
19,"Rattata",2
20,"Raticate",3
21,"Spearow",2
22,"Fearow",3
23,"Ekans",2
24,"Arbok",3
25,"Pikachu",4
26,"Raichu",3
27,"Sandshrew",2
28,"Sandslash",3
29,"Nidoran-F",4
30,"Nidorina",3
31,"Nidoqueen",5
32,"Nidoran-M",4
33,"Nidorino",3
34,"Nidoking",5
35,"Clefairy",3
36,"Clefable",5
37,"Vulpix",4
38,"Ninetales",3
39,"Jigglypuff",4
40,"Wigglytuff",3
41,"Zubat",2
42,"Golbat",3
43,"Oddish",4
44,"Gloom",3
45,"Vileplume",5
46,"Paras",2
47,"Parasect",3
48,"Venonat",2
49,"Venomoth",3
50,"Diglett",2
51,"Dugtrio",3
52,"Meowth",2
53,"Persian",3
54,"Psyduck",2
55,"Golduck",3
56,"Mankey",2
57,"Primeape",3
58,"Growlithe",3
59,"Arcanine",5
60,"Poliwag",2
61,"Poliwhirl",3
62,"Poliwrath",5
63,"Abra",2
64,"Kadabra",3
65,"Alakazam",4
66,"Machop",2
67,"Machoke",3
68,"Machamp",5
69,"Bellsprout",2
70,"Weepinbell",3
71,"Victreebel",5
72,"Tentacool",2
73,"Tentacruel",5
74,"Geodude",2
75,"Graveler",3
76,"Golem",5
77,"Ponyta",2
78,"Rapidash",3
79,"Slowpoke",2
80,"Slowbro",5
81,"Magnemite",2
82,"Magneton",3
83,"Farfetch'd",3
84,"Doduo",2
85,"Dodrio",5
86,"Seel",2
87,"Dewgong",3
88,"Grimer",2
89,"Muk",3
90,"Shellder",2
91,"Cloyster",3
92,"Gastly",2
93,"Haunter",3
94,"Gengar",6
95,"Onix",2
96,"Drowzee",2
97,"Hypno",3
98,"Krabby",2
99,"Kingler",3
100,"Voltorb",2
101,"Electrode",3
102,"Exeggcute",2
103,"Exeggutor",5
104,"Cubone",2
105,"Marowak",5
106,"Hitmonlee",5
107,"Hitmonchan",5
108,"Lickitung",3
109,"Koffing",4
110,"Weezing",5
111,"Rhyhorn",4
112,"Rhydon",5
113,"Chansey",5
114,"Tangela",2
115,"Kangaskhan",5
116,"Horsea",2
117,"Seadra",3
118,"Goldeen",2
119,"Seaking",3
120,"Staryu",4
121,"Starmie",5
122,"Mr. Mime",4
123,"Scyther",3
124,"Jynx",3
125,"Electabuzz",3
126,"Magmar",3
127,"Pinsir",3
128,"Tauros",6
129,"Magikarp",1
130,"Gyarados",6
131,"Lapras",5
132,"Ditto",2
133,"Eevee",2
134,"Vaporeon",5
135,"Jolteon",5
136,"Flareon",3
137,"Porygon",3
138,"Omanyte",2
139,"Omastar",3
140,"Kabuto",2
141,"Kabutops",3
142,"Aerodactyl",5
143,"Snorlax",5
144,"Articuno",5
145,"Zapdos",6
146,"Moltres",5
147,"Dratini",2
148,"Dragonair",4
149,"Dragonite",5
150,"Mewtwo",8
151,"Mew",7
152,"Chikorita",4
153,"Bayleef",3
154,"Meganium",5
155,"Cyndaquil",4
156,"Quilava",3
157,"Typhlosion",5
158,"Totodile",4
159,"Croconaw",3
160,"Feraligatr",5
161,"Sentret",2
162,"Furret",3
163,"Hoothoot",2
164,"Noctowl",3
165,"Ledyba",2
166,"Ledian",3
167,"Spinarak",2
168,"Ariados",3
169,"Crobat",5
170,"Chinchou",3
171,"Lanturn",5
172,"Pichu",2
173,"Cleffa",2
174,"Igglybuff",2
175,"Togepi",2
176,"Togetic",3
177,"Natu",2
178,"Xatu",3
179,"Mareep",2
180,"Flaaffy",3
181,"Ampharos",5
182,"Bellossom",3
183,"Marill",3
184,"Azumarill",5
185,"Sudowoodo",3
186,"Politoed",3
187,"Hoppip",2
188,"Skiploom",3
189,"Jumpluff",3
190,"Aipom",2
191,"Sunkern",1
192,"Sunflora",4
193,"Yanma",3
194,"Wooper",2
195,"Quagsire",3
196,"Espeon",5
197,"Umbreon",5
198,"Murkrow",3
199,"Slowking",5
200,"Misdreavus",3
201,"Unown",1
202,"Wobbuffet",6
203,"Girafarig",3
204,"Pineco",4
205,"Forretress",3
206,"Dunsparce",2
207,"Gligar",3
208,"Steelix",5
209,"Snubbull",2
210,"Granbull",3
211,"Qwilfish",3
212,"Scizor",5
213,"Shuckle",3
214,"Heracross",5
215,"Sneasel",2
216,"Teddiursa",2
217,"Ursaring",3
218,"Slugma",2
219,"Magcargo",3
220,"Swinub",2
221,"Piloswine",3
222,"Corsola",2
223,"Remoraid",2
224,"Octillery",3
225,"Delibird",2
226,"Mantine",3
227,"Skarmory",6
228,"Houndour",4
229,"Houndoom",3
230,"Kingdra",5
231,"Phanpy",2
232,"Donphan",5
233,"Porygon2",5
234,"Stantler",3
235,"Smeargle",6
236,"Tyrogue",2
237,"Hitmontop",3
238,"Smoochum",2
239,"Elekid",2
240,"Magby",2
241,"Miltank",5
242,"Blissey",6
243,"Raikou",6
244,"Entei",5
245,"Suicune",6
246,"Larvitar",2
247,"Pupitar",4
248,"Tyranitar",6
249,"Lugia",7
250,"Ho-Oh",7
251,"Celebi",6
252,"Treecko",2
253,"Grovyle",3
254,"Sceptile",5
255,"Torchic",2
256,"Combusken",3
257,"Blaziken",5
258,"Mudkip",2
259,"Marshtomp",3
260,"Swampert",5
261,"Poochyena",2
262,"Mightyena",3
263,"Zigzagoon",2
264,"Linoone",3
265,"Wurmple",1
266,"Silcoon",1
267,"Beautifly",3
268,"Cascoon",1
269,"Dustox",3
270,"Lotad",2
271,"Lombre",3
272,"Ludicolo",5
273,"Seedot",2
274,"Nuzleaf",3
275,"Shiftry",5
276,"Taillow",2
277,"Swellow",5
278,"Wingull",2
279,"Pelipper",3
280,"Ralts",2
281,"Kirlia",3
282,"Gardevoir",5
283,"Surskit",2
284,"Masquerain",3
285,"Shroomish",2
286,"Breloom",5
287,"Slakoth",2
288,"Vigoroth",3
289,"Slaking",6
290,"Nincada",2
291,"Ninjask",6
292,"Shedinja",6
293,"Whismur",2
294,"Loudred",3
295,"Exploud",4
296,"Makuhita",2
297,"Hariyama",5
298,"Azurill",2
299,"Nosepass",2
300,"Skitty",2
301,"Delcatty",3
302,"Sableye",3
303,"Mawile",3
304,"Aron",2
305,"Lairon",3
306,"Aggron",5
307,"Meditite",4
308,"Medicham",5
309,"Electrike",2
310,"Manectric",5
311,"Plusle",3
312,"Minun",3
313,"Volbeat",3
314,"Illumise",3
315,"Roselia",3
316,"Gulpin",2
317,"Swalot",3
318,"Carvanha",2
319,"Sharpedo",3
320,"Wailmer",2
321,"Wailord",4
322,"Numel",2
323,"Camerupt",3
324,"Torkoal",3
325,"Spoink",2
326,"Grumpig",3
327,"Spinda",2
328,"Trapinch",2
329,"Vibrava",4
330,"Flygon",5
331,"Cacnea",2
332,"Cacturne",5
333,"Swablu",2
334,"Altaria",5
335,"Zangoose",5
336,"Seviper",3
337,"Lunatone",3
338,"Solrock",3
339,"Barboach",2
340,"Whiscash",3
341,"Corphish",2
342,"Crawdaunt",3
343,"Baltoy",2
344,"Claydol",4
345,"Lileep",2
346,"Cradily",5
347,"Anorith",2
348,"Armaldo",5
349,"Feebas",1
350,"Milotic",5
351,"Castform",2
352,"Kecleon",3
353,"Shuppet",2
354,"Banette",3
355,"Duskull",2
356,"Dusclops",5
357,"Tropius",2
358,"Chimecho",3
359,"Absol",5
360,"Wynaut",2
361,"Snorunt",2
362,"Glalie",3
363,"Spheal",2
364,"Sealeo",3
365,"Walrein",5
366,"Clamperl",4
367,"Huntail",3
368,"Gorebyss",3
369,"Relicanth",3
370,"Luvdisc",2
371,"Bagon",2
372,"Shelgon",4
373,"Salamence",6
374,"Beldum",1
375,"Metang",3
376,"Metagross",6
377,"Regirock",6
378,"Regice",6
379,"Registeel",6
380,"Latias",7
381,"Latios",7
382,"Kyogre",8
383,"Groudon",8
384,"Rayquaza",8
385,"Jirachi",6
386,"Deoxys",8